"Instant Foods",10.2
"Meats",16.375
"Bakery",16.857142857142858
"Fruits&Vegetables",16.944444444444443
"Dairy",18.6
"Plants",102.33333333333333
"Pets",137.33333333333334
"Household items",146.85
"Condiments",165.36363636363637
"Organic",167.66666666666666
"Snacks",172.26666666666668
"Beverages",173.33333333333334
"Dry/Baking Goods",176.63636363636363
"Alcohol",188.41666666666666
"Self-care",214.5
"Other",280
